62.21;41.2675;979.785;23.0
59.6275;42.18;979.47;23.0
59.185;42.545;982.68;22.0
60.35;47.065;982.06;22.0
61.3175;37.16;978.3625;21.0
62.5725;31.23;977.905;21.0
66.4725;45.4925;978.4975;21.0
63.735;46.6075;978.965;21.0
63.105;36.47;978.475;20.0
62.605;36.4875;977.675;20.0
58.5575;31.8675;978.675;20.0
58.56;28.715;978.8525;20.0
55.77;30.24;982.2725;20.0
56.325;35.59;981.165;20.0
55.2675;31.8325;981.4575;20.0
56.19;35.1;982.365;20.0
58.485;37.53;978.5575;20.0
57.0275;37.515;978.0925;20.0
56.7125;28.36;978.675;20.0
58.6275;28.075;978.8175;20.0
55.1775;30.5575;982.135;20.0
54.1975;27.2025;982.625;20.0
54.97;29.765;980.9375;20.0
56.2975;36.555;981.0225;20.0
54.7;30.0075;980.475;19.0
57.7925;32.1575;980.7825;19.0
58.64;33.335;976.97;19.0
59.6825;31.28;978.1975;19.0
55.845;36.1725;980.0025;19.0
56.9025;29.5775;982.3475;19.0
57.465;33.585;981.27;19.0
57.57;28.05;980.6;19.0
56.0675;35.3925;981.2425;18.0
55.64;32.6575;981.3;18.0
60.2675;38.6175;978.715;18.0
59.72;33.4175;978.3425;18.0
55.305;30.07;980.89;17.0
58.86;31.735;980.7725;17.0
58.42;30.9025;979.95;17.0
57.2025;35.6675;979.915;17.0
59.28;34.455;977.5925;16.0
58.5775;39.8125;978.395;16.0
129.8825;105.27;982.74;20.0
122.44;101.025;985.345;20.0
129.34;122.4725;989.4075;22.0
129.1525;99.7875;996.3875;22.0
139.0275;119.24;984.34;21.0
155.02;123.8225;983.9975;21.0
169.915;135.175;993.47;21.0
160.34;149.5225;986.835;21.0
160.265;140.8025;990.03;22.0
169.9125;137.9025;983.89;22.0
154.3125;119.0675;984.96;24.0
161.1625;136.39;985.4775;24.0
165.2;154.96;986.9225;25.0
165.195;126.1675;990.46;25.0
147.6;117.4;980.175;28.0
156.6475;109.1325;985.1325;28.0
163.775;149.6825;986.645;29.0
167.4725;142.565;992.41;29.0
164.87;137.055;982.88;30.0
161.33;146.96;985.2275;30.0
131.82;102.935;981.7;31.0
133.425;115.0975;981.37;31.0
156.8525;114.575;991.4875;33.0
142.735;109.7075;990.54;33.0
148.5875;137.4825;992.4;32.0
157.435;123.625;994.5;32.0
157.155;140.5425;986.4825;32.0
156.5575;138.1925;981.3025;32.0
155.6925;140.66;978.6675;31.0
163.8725;137.2625;990.2525;31.0
123.3575;97.9625;982.6525;31.0
129.45;85.0875;977.755;31.0
103.4025;106.56;990.5225;30.0
106.28;86.005;986.0125;30.0
108.14;82.605;986.815;28.0
116.9025;96.3925;992.3175;28.0
111.515;96.555;991.6225;26.0
108.3425;87.3825;990.2875;26.0
120.1225;82.41;986.32;26.0
121.3975;102.81;983.9475;26.0
124.22;86.67;980.885;26.0
110.5775;95.835;983.585;26.0
126.3375;81.7825;983.57;25.0
114.8775;83.64;983.9025;25.0
124.3725;85.5675;981.61;25.0
127.83;96.3975;980.6375;25.0
171.5025;124.1125;980.245;24.0
174.895;129.7775;978.74;24.0
178.6675;121.845;985.8225;22.0
166.1925;120.6425;992.385;22.0
197.8775;146.5;981.9875;20.0
193.5325;131.6175;983.7525;20.0
189.235;130.1425;986.415;20.0
182.315;123.62;986.27;20.0
157.045;125.05;986.8275;22.0
158.5475;130.26;990.77;22.0
147.0325;119.8775;983.035;25.0
147.2;111.1125;988.2825;25.0
137.26;121.715;980.8975;27.0
161.3475;126.95;987.69;27.0
136.2175;117.8325;987.1;28.0
136.26;121.035;984.4975;28.0
126.96;93.335;991.5475;28.0
121.27;97.16;986.27;28.0
123.44;92.4375;981.7725;30.0
115.15;91.72;985.125;30.0
116.2125;95.83;993.2325;31.0
122.92;100.655;986.7825;31.0
155.64;103.51;986.1225;32.0
138.29;116.31;992.085;32.0
154.9325;125.245;994.0825;35.0
144.8775;112.38;984.1425;35.0
157.5275;129.135;980.82;33.0
149.2225;130.8425;988.485;33.0
159.43;125.7475;982.0975;33.0
153.325;152.9875;987.8875;33.0
179.44;168.7575;987.4775;33.0
178.6375;153.02;989.715;33.0
151.0325;125.6175;985.4975;31.0
146.995;135.7275;978.6325;31.0
160.825;137.4375;987.635;30.0
159.3875;141.355;992.36;30.0
139.685;103.315;974.27;29.0
133.2975;98.825;979.1325;29.0
138.0025;102.0975;990.0625;29.0
131.6575;109.3625;987.6725;29.0
128.0625;99.15;988.5325;28.0
134.7175;98.235;984.8275;28.0
131.0725;95.71;976.73;28.0
153.6675;106.3275;983.5725;28.0
132.3025;109.1425;983.1825;27.0
128.0525;105.1525;976.3075;27.0
133.945;104.1575;977.3275;26.0
134.2675;103.555;975.0975;26.0
135.68;90.41;984.665;26.0
140.5575;94.045;977.1675;26.0
133.4925;115.6975;982.92;26.0
155.8075;114.3325;986.6975;26.0
141.4875;120.0125;984.8475;26.0
150.105;115.3725;988.31;26.0
148.675;116.325;990.1625;27.0
146.77;118.7125;988.4525;27.0
134.625;99.395;974.71;28.0
141.795;101.5275;978.17;28.0
135.485;117.22;983.595;30.0
146.2625;113.66;984.12;30.0
147.225;109.0725;988.5625;30.0
137.7525;109.7425;989.6825;30.0
171.3775;161.545;989.5625;32.0
193.1925;160.2575;986.2975;32.0
186.955;150.0;984.4225;32.0
225.0475;165.9775;983.87;32.0
163.985;148.445;988.7175;32.0
181.065;148.73;990.815;32.0
164.55;139.5775;991.7075;33.0
160.32;130.4725;985.4725;33.0
137.8175;102.19;989.6525;34.0
162.18;108.6875;981.495;34.0
131.6725;112.49;983.1425;35.0
133.295;99.055;988.755;35.0
144.9075;103.5125;987.0125;34.0
140.05;103.5;983.01;34.0
131.5;101.0575;985.275;34.0
136.02;115.7525;985.07;34.0
149.7625;111.56;981.1925;34.0
135.7825;122.485;982.4675;34.0
146.0825;117.7025;988.2425;33.0
134.9525;113.71;992.1625;33.0
136.6425;112.145;983.9025;31.0
151.605;125.2625;982.885;31.0
158.8475;125.8925;986.7325;30.0
166.3575;121.215;986.515;30.0
151.955;107.4225;989.5;29.0
135.6225;103.7375;987.8375;29.0
138.8625;104.895;985.715;28.0
152.6025;111.355;990.555;28.0
147.2;109.0425;987.485;28.0
149.355;118.8075;987.3725;28.0
133.93;109.2825;985.765;27.0
142.2675;99.9925;982.8375;27.0
136.2275;110.92;991.24;28.0
136.35;100.5925;983.1525;28.0
150.705;102.28;985.2975;27.0
145.705;98.74;985.605;27.0
159.0175;127.1075;989.105;27.0
169.1475;128.925;989.3275;27.0
162.5275;117.965;981.8975;27.0
163.525;120.805;986.05;27.0
155.2925;117.7225;980.3825;28.0
153.7975;130.8075;986.8825;28.0
212.86;188.825;979.9375;29.0
207.1875;160.46;980.0625;29.0
169.8725;140.215;986.755;29.0
191.725;145.1925;978.2275;29.0
225.3275;191.0025;992.665;30.0
202.99;203.9125;986.6375;30.0
156.3275;118.92;988.965;31.0
151.895;117.2375;990.3525;31.0
128.4425;102.7075;985.9125;32.0
141.645;105.3775;990.125;32.0
141.79;107.6675;981.4525;32.0
164.8075;117.86;982.99;32.0
151.16;118.865;992.6025;32.0
163.2175;115.8825;986.74;32.0
159.37;131.775;983.9;32.0
151.1425;98.635;979.1;32.0
174.265;153.925;988.715;33.0
150.0275;113.93;984.8475;33.0
189.6875;145.915;988.7575;32.0
172.92;163.99;993.58;32.0
153.815;119.325;981.3225;32.0
155.8275;124.295;986.335;32.0
119.4175;93.22;986.4775;32.0
124.5675;91.8375;982.37;32.0
130.9875;96.6875;988.995;30.0
140.38;91.31;987.185;30.0
142.21;93.74;978.64;29.0
131.3075;97.9175;976.06;29.0
136.265;89.45;986.2925;28.0
135.5325;92.97;985.225;28.0
127.9125;92.6925;978.3425;27.0
136.1125;107.785;981.4975;27.0
134.595;100.0625;977.645;26.0
143.745;102.68;979.3275;26.0
144.705;104.9825;986.5775;25.0
143.2975;101.7425;981.4375;25.0
130.78;84.9775;982.3925;25.0
145.23;106.3725;977.7625;25.0
126.59;109.2675;993.635;25.0
133.7825;88.79;983.155;25.0
141.52;85.345;979.225;24.0
151.995;91.6725;980.43;24.0
141.655;87.455;987.64;24.0
138.6975;85.7975;983.765;24.0
179.8175;105.9;979.12;24.0
142.4675;104.255;984.96;24.0
134.4125;100.745;989.8875;27.0
129.7075;95.6125;988.3275;27.0
142.9925;91.8175;987.3275;27.0
160.835;100.2;994.575;27.0
139.0375;95.0325;987.975;26.0
126.6025;87.9;983.74;26.0
123.46;85.445;977.03;27.0
145.0075;103.5925;982.8075;27.0
149.72;107.005;980.1325;30.0
146.8775;106.51;985.785;30.0
148.125;116.635;990.805;31.0
143.205;112.0025;995.7925;31.0
152.5825;107.97;979.8975;32.0
152.085;117.745;983.9975;32.0
156.8525;98.725;982.3425;33.0
137.7875;110.52;981.945;33.0
133.51;95.26;985.6025;33.0
135.8375;100.8475;984.615;33.0
151.515;109.0625;981.8575;33.0
135.5425;98.21;986.57;33.0
141.57;95.9125;987.135;33.0
145.995;94.355;981.595;33.0
129.6225;97.8875;986.575;32.0
126.1675;96.6225;984.4025;32.0
143.5975;98.445;980.5325;32.0
136.78;94.625;982.02;32.0
138.2525;100.2775;979.78;31.0
138.805;105.0775;982.2175;31.0
128.665;103.015;983.4475;31.0
143.8225;102.095;983.1725;31.0
164.285;131.6725;983.615;31.0
173.1425;133.67;984.37;31.0
159.43;132.1625;989.875;30.0
159.0;131.715;991.645;30.0
164.785;130.955;986.1925;30.0
170.655;125.505;992.6125;30.0
146.0475;100.2925;986.485;29.0
146.9725;107.9875;987.125;29.0
171.6225;108.56;984.8575;28.0
151.2975;104.0375;985.9175;28.0
155.6975;112.76;976.9375;29.0
152.2375;116.115;985.865;29.0
162.2425;119.95;985.23;29.0
160.99;113.7625;988.2625;29.0
142.3975;102.06;986.735;28.0
153.8525;104.53;987.485;28.0
163.6425;117.4725;984.0125;28.0
178.145;126.865;980.915;28.0
176.1725;123.315;981.5375;28.0
176.3775;118.4825;973.48;28.0
149.2975;102.0125;980.4425;28.0
144.585;104.4725;981.6125;28.0
148.0625;101.645;982.1625;29.0
124.655;105.04;987.0;29.0
145.455;115.14;987.46;29.0
136.0925;96.435;988.935;29.0
131.5075;111.7275;986.775;30.0
173.935;110.095;983.3425;30.0
184.42;141.19;981.6575;31.0
181.4525;145.24;987.9075;31.0
171.6275;126.85;979.2375;32.0
191.26;131.1425;987.1575;32.0
172.8425;143.3775;981.445;32.0
174.745;129.7675;982.215;32.0
155.9075;106.92;983.2175;31.0
166.95;113.1875;981.685;31.0
182.9075;149.115;981.7175;32.0
190.0175;137.6825;984.26;32.0
183.445;140.4625;989.8925;32.0
188.7575;124.1275;987.3925;32.0
187.375;131.955;990.3975;31.0
169.1575;138.3975;984.7875;31.0
177.5225;118.6625;991.5175;31.0
192.83;133.79;990.765;31.0
193.72;132.3025;985.85;28.0
189.305;134.6875;986.2475;28.0
176.77;120.305;988.99;26.0
173.3175;121.5375;987.8625;26.0
189.15;137.0325;983.4525;26.0
206.67;137.6575;982.135;26.0
184.17;132.735;983.9925;27.0
177.1275;127.4825;984.03;27.0
189.545;141.71;978.215;28.0
198.5325;153.21;977.3575;28.0
173.355;130.21;987.915;28.0
198.9375;139.7875;982.8875;28.0
222.275;147.0375;993.4;27.0
192.4375;158.8325;985.2775;27.0
226.4;152.37;990.59;27.0
259.645;190.25;993.78;27.0
334.34;256.92;991.8075;27.0
357.74;230.86;986.3275;27.0
244.8675;206.9;974.7475;27.0
247.84;207.095;989.125;27.0
265.255;209.6025;987.45;27.0
278.02;188.19;981.93;27.0
141.7375;100.075;985.205;27.0
157.0;113.11;988.0425;27.0
166.395;136.13;984.855;27.0
165.0025;117.4175;984.645;27.0
158.1525;125.0525;986.2875;28.0
165.0975;123.71;981.4325;28.0
130.715;94.94;978.845;28.0
128.7425;84.83;980.6875;28.0
122.71;81.55;986.3975;29.0
123.26;81.1825;986.6075;29.0
130.765;93.5275;983.06;28.0
128.035;89.8125;983.5075;28.0
123.02;91.245;981.81;29.0
129.6525;90.7325;985.705;29.0
142.86;87.2325;982.25;30.0
134.0825;109.255;982.7725;30.0
133.675;103.555;983.49;30.0
128.5225;95.8275;981.4975;30.0
123.5975;95.8675;986.295;29.0
126.9475;98.685;989.7025;29.0
140.705;95.595;989.07;29.0
131.7275;90.8175;983.0175;29.0
117.8125;97.6025;987.585;28.0
122.3525;98.58;992.9;28.0
130.95;90.46;990.345;27.0
119.52;91.01;986.8975;27.0
164.495;99.0;980.865;26.0
132.605;92.8125;976.9725;26.0
149.015;89.095;978.985;25.0
146.0975;83.0425;982.9825;25.0
133.1725;89.2775;983.145;24.0
138.675;92.085;982.08;24.0
134.6575;90.81;984.2075;23.0
146.1125;94.07;985.185;23.0
142.675;83.9925;983.065;23.0
142.07;83.1025;981.3425;23.0
156.87;97.935;978.395;23.0
176.065;98.435;985.7575;23.0
155.34;78.89;973.345;22.0
149.4;87.5775;979.3175;22.0
142.3675;86.3275;982.9875;22.0
125.08;90.7425;989.0525;22.0
138.3475;94.975;982.73;23.0
149.52;81.7575;981.1575;23.0
145.7425;94.69;990.3025;25.0
130.705;87.54;991.465;25.0
130.7075;93.6425;982.5425;26.0
131.6175;94.0725;986.44;26.0
170.4975;106.5725;992.0325;26.0
138.915;101.7525;985.6925;26.0
134.395;99.6675;985.705;27.0
143.2475;100.7775;989.15;27.0
123.83;107.2375;988.2325;28.0
155.42;99.9425;980.455;28.0
139.865;99.145;986.3525;28.0
139.2725;103.4425;985.73;28.0
135.8475;103.545;983.6625;29.0
136.01;98.95;986.0325;29.0
137.7275;102.84;988.045;30.0
147.425;105.895;987.1;30.0
138.41;109.475;989.8725;31.0
132.065;105.0175;986.5175;31.0
134.3075;106.36;987.0975;32.0
141.1625;112.8925;981.2025;32.0
142.035;105.6925;984.29;31.0
182.5325;106.525;988.23;31.0
156.4725;105.1925;991.9425;30.0
154.4625;103.8275;987.84;30.0
150.6125;101.1425;984.6525;31.0
151.7275;107.8825;982.9;31.0
193.8575;136.8375;980.8675;28.0
182.22;133.57;988.61;28.0
157.165;101.5575;978.6775;27.0
165.405;107.9675;982.9825;27.0
193.22;127.0425;985.94;26.0
185.835;129.3075;984.03;26.0
208.065;122.09;987.115;25.0
189.8925;125.0425;989.645;25.0
177.685;125.2125;981.2775;24.0
180.34;116.4575;984.6825;24.0
267.07;182.6475;976.4025;24.0
256.895;176.7925;977.3;24.0
218.33;153.305;980.945;23.0
225.555;162.0225;981.5825;23.0
241.425;163.665;980.4075;23.0
267.5175;167.5125;991.205;23.0
189.3475;140.015;986.6975;23.0
202.35;132.725;991.76;23.0
220.375;150.0425;982.96;24.0
218.665;145.2;982.875;24.0
210.055;146.3475;989.4975;25.0
191.1575;137.4925;995.415;25.0
208.99;152.5125;981.115;26.0
221.3925;150.6175;982.675;26.0
216.095;154.945;989.05;28.0
209.0725;169.37;987.4475;28.0
192.035;152.075;990.0825;28.0
205.3675;161.9625;986.52;28.0
192.52;147.28;981.8325;29.0
217.7;152.8425;977.9725;29.0
195.6125;140.7075;981.8275;29.0
213.395;154.1925;988.12;29.0
195.165;159.2575;989.37;30.0
206.635;143.2925;985.165;30.0
130.255;100.255;977.005;30.0
137.4325;94.5;982.4825;30.0
147.13;103.755;981.5625;30.0
158.455;107.6725;979.165;30.0
161.8575;113.005;980.2575;30.0
167.57;109.8925;984.4275;30.0
162.1475;111.8925;982.2075;30.0
160.1825;118.75;981.39;30.0
194.96;162.4975;988.1;31.0
191.3175;149.1575;986.8075;31.0
226.215;157.225;986.0675;30.0
203.445;153.725;985.285;30.0
174.4175;126.115;983.2575;30.0
195.2125;132.2275;981.2575;30.0
183.0525;136.785;990.87;29.0
206.0975;147.9;986.1275;29.0
205.4325;145.9225;975.0825;29.0
202.035;161.17;981.8275;29.0
186.855;139.395;985.34;29.0
189.7875;123.26;977.8825;29.0
209.38;140.2025;977.6925;29.0
208.955;163.045;984.6725;29.0
191.7325;129.075;978.555;28.0
218.4625;151.4175;980.635;28.0
164.155;107.3875;984.48;27.0
156.74;105.5275;986.77;27.0
169.84;97.96;987.2925;26.0
171.8825;102.2875;990.8125;26.0
153.8875;89.9775;989.745;26.0
129.8675;91.0;985.335;26.0
147.22;103.255;978.3875;26.0
139.7075;97.24;984.2675;26.0
137.1125;89.505;983.06;26.0
161.53;95.7925;983.32;26.0
146.76;89.6525;985.915;28.0
147.84;104.245;983.0175;28.0
127.325;86.7475;987.165;28.0
152.4125;97.65;983.9225;28.0
137.6475;96.41;980.57;29.0
135.72;93.88;978.99;29.0
139.245;103.995;993.8575;30.0
133.3325;106.175;988.18;30.0
137.2125;100.36;987.6775;32.0
130.6825;94.2375;988.2;32.0
135.6425;91.3925;982.54;32.0
132.4825;99.545;980.035;32.0
120.6175;104.5;984.6;32.0
128.375;110.11;990.46;32.0
187.085;156.1625;985.865;33.0
188.835;151.7925;989.5;33.0
191.155;180.885;981.8475;34.0
197.355;141.8875;980.1425;34.0
190.07;163.69;989.65;34.0
192.5675;154.2025;986.8375;34.0
159.605;125.1;987.8175;34.0
189.2;146.85;984.9;34.0
186.865;140.1675;985.965;35.0
200.3425;165.035;983.7875;35.0
190.705;159.13;990.4025;34.0
209.465;141.15;986.1075;34.0
237.135;190.6875;989.5525;32.0
226.8975;182.515;990.16;32.0
259.545;200.5275;985.6975;31.0
254.52;192.885;991.395;31.0
244.01;190.29;981.37;31.0
259.96;188.8025;982.575;31.0
237.0575;168.065;983.6025;30.0
229.1825;180.445;979.265;30.0
215.78;161.44;986.1875;29.0
210.08;149.6025;980.0225;29.0
196.48;153.3925;981.9;29.0
209.605;153.9425;984.5525;29.0
207.775;140.9675;980.71;28.0
216.3675;148.04;982.6275;28.0
222.17;151.755;988.0525;28.0
205.0875;150.4;982.5675;28.0
217.945;139.91;983.47;27.0
240.575;150.965;983.57;27.0
220.1825;161.8175;988.72;28.0
245.1975;171.5975;989.9275;28.0
196.0575;144.8025;988.01;29.0
212.3;136.5925;984.9525;29.0
202.82;155.725;996.7675;30.0
173.3375;118.9625;991.5625;30.0
220.225;177.0325;983.6275;32.0
258.115;182.42;986.64;32.0
190.29;154.9125;988.6125;34.0
188.1975;147.1325;981.125;34.0
173.5575;148.4675;986.4275;34.0
179.065;143.5175;980.7775;34.0
228.6025;178.9275;994.5475;34.0
242.695;184.195;985.405;34.0
206.69;161.37;985.5325;35.0
219.055;179.3875;987.2575;35.0
224.105;164.8625;982.0875;36.0
231.0975;184.86;990.14;36.0
228.7775;187.65;994.285;37.0
236.3775;208.5575;998.2775;37.0
244.4825;177.5975;991.5675;38.0
266.4675;206.4;986.6775;38.0
231.7525;194.605;988.5375;37.0
252.9475;188.1675;988.975;37.0
265.575;215.8175;983.2925;36.0
237.0975;220.6125;984.93;36.0
278.0325;212.1875;996.1325;37.0
260.16;207.08;983.49;37.0
239.6725;186.5125;991.605;36.0
228.2275;187.3925;992.1275;36.0
270.115;194.22;988.6675;34.0
261.0125;197.48;992.9175;34.0
244.4175;193.0925;984.8025;33.0
279.1475;191.09;981.545;33.0
265.4425;219.635;990.395;31.0
282.2325;212.32;984.2125;31.0
243.7825;174.62;994.1475;30.0
255.395;182.66;986.4225;30.0
258.2125;190.2125;980.805;29.0
269.6575;204.04;983.555;29.0
53.005;35.1525;980.535;27.0
53.8075;31.245;980.18;27.0
59.345;36.74;976.1925;22.0
56.765;39.5375;977.725;22.0
56.06;36.905;979.8325;20.0
55.83;38.115;980.555;20.0
59.2825;39.79;976.1925;20.0
58.5175;43.785;977.2325;20.0
57.1;37.5875;979.8725;20.0
56.95;30.98;979.045;20.0
61.5925;33.83;974.8325;21.0
60.3175;30.685;974.4925;21.0
56.655;38.07;981.3525;22.0
56.765;33.8675;981.12;22.0
59.495;37.5025;977.4875;24.0
58.74;33.0525;977.475;24.0
59.0375;36.49;979.0625;25.0
60.33;40.5525;978.5075;25.0
55.2225;36.265;981.78;27.0
58.3625;37.19;981.3025;27.0
58.3425;40.2925;981.4;28.0
54.845;37.0875;981.9;28.0
54.94;39.225;980.7725;29.0
57.345;34.57;981.765;29.0
56.83;41.2025;981.425;30.0
58.065;48.725;982.66;30.0
58.3425;38.29;981.0625;31.0
56.3475;43.88;981.14;31.0
56.7375;40.76;981.3525;32.0
58.8225;37.1125;981.79;32.0
56.7825;40.9625;981.4275;32.0
60.2925;41.425;981.5875;32.0
58.7525;50.535;981.3;31.0
56.62;46.3;981.44;31.0
59.4475;45.7;980.9975;29.0
58.83;38.85;981.59;29.0
58.96;44.7475;980.3175;28.0
56.44;44.455;981.82;28.0
62.7675;41.4025;981.1125;27.0
62.145;46.4175;982.2875;27.0
57.2875;41.56;982.2275;26.0
57.5325;43.955;981.9;26.0
155.6275;105.81;992.005;26.0
152.195;101.1475;988.47;26.0
138.0;89.04;989.445;27.0
158.2725;99.15;984.7625;27.0
138.78;99.9625;980.8475;28.0
134.375;104.805;980.8575;28.0
135.87;91.7325;982.6525;28.0
142.6925;98.1325;985.08;28.0
153.6925;94.175;985.6425;28.0
151.3225;97.865;985.1175;28.0
146.145;81.4875;989.4875;28.0
125.9525;87.74;984.3225;28.0
130.21;93.0125;990.11;29.0
129.8275;82.155;979.8375;29.0
134.58;92.89;978.245;30.0
134.415;86.7075;978.4525;30.0
144.895;98.68;983.515;30.0
149.9775;95.2575;981.465;30.0
152.3075;98.14;978.875;31.0
137.34;109.0375;982.12;31.0
140.53;105.775;981.5;33.0
151.6675;105.0025;980.4575;33.0
132.07;99.4475;990.905;35.0
130.9175;115.9775;992.05;35.0
153.7725;110.1775;983.66;35.0
154.4475;114.49;989.29;35.0
171.0225;142.4425;991.345;35.0
178.34;126.73;983.9;35.0
142.0775;107.3625;982.63;35.0
153.3;106.3875;981.655;35.0
146.985;98.8375;986.45;36.0
141.385;100.4325;987.3325;36.0
168.22;112.04;984.345;37.0
167.1925;115.2775;985.4125;37.0
177.74;127.85;987.31;37.0
176.3375;114.8475;988.6875;37.0
165.5525;125.6075;982.49;37.0
171.24;133.7;987.715;37.0
163.3225;133.2075;987.7225;37.0
171.2775;132.195;991.0725;37.0
205.8475;160.04;990.93;37.0
185.775;162.7625;988.7575;37.0
149.8025;109.1875;986.7825;36.0
152.42;102.745;986.7125;36.0
208.945;138.8075;987.66;34.0
214.69;146.235;990.1425;34.0
181.5275;124.98;989.6875;34.0
172.5375;136.5225;983.9625;34.0
221.275;166.535;985.765;33.0
249.295;160.45;996.715;33.0
224.51;147.145;982.055;32.0
191.49;127.3025;984.9025;32.0
212.975;140.07;976.955;31.0
203.1825;141.0425;977.7825;31.0
214.2475;161.8075;982.9225;31.0
211.2725;149.5175;980.6175;31.0
223.0475;163.16;977.0175;30.0
224.4425;146.9425;980.66;30.0
234.8675;150.56;983.7425;30.0
213.2475;170.4775;983.0475;30.0
216.975;147.7175;984.4975;30.0
202.12;141.5225;987.36;30.0
201.05;144.0925;986.205;31.0
219.95;144.8875;981.44;31.0
246.4;176.5325;980.2075;32.0
256.7625;189.63;989.1925;32.0
258.425;202.8175;996.1175;34.0
244.615;187.8975;985.0225;34.0
205.9975;150.6;993.1475;36.0
207.7925;155.54;991.4175;36.0
207.185;160.5625;985.3475;36.0
201.235;168.385;986.795;36.0
236.7975;187.71;988.005;38.0
215.0625;199.2875;982.4;38.0
226.54;181.8325;993.0525;39.0
219.21;195.765;984.965;39.0
141.9325;105.1725;980.945;40.0
140.3175;109.735;987.35;40.0
219.9125;178.22;991.22;41.0
213.7075;183.1675;981.645;41.0
241.02;199.73;984.105;43.0
273.62;203.865;988.535;43.0
225.58;194.82;994.3325;42.0
244.7425;192.5075;985.52;42.0
199.8625;174.0325;984.5925;54.0
198.915;155.75;990.54;54.0
287.6575;215.38;987.895;55.0
261.2025;222.7625;988.56;55.0
255.27;249.465;986.46;55.0
285.5675;264.98;997.0475;55.0
267.94;252.345;975.6225;48.0
277.4375;230.4;989.3575;48.0
289.5325;232.1375;990.8825;45.0
266.3775;231.9675;986.0675;45.0
318.3375;245.49;982.765;45.0
275.055;237.1175;984.72;45.0
266.505;229.9275;980.975;45.0
282.235;229.9175;988.845;45.0
248.58;206.0375;981.9675;43.0
260.48;202.51;985.0675;43.0
276.7925;243.1275;995.8425;43.0
265.69;212.2325;989.68;43.0
299.135;250.7075;987.39;43.0
265.865;233.5325;980.19;43.0
235.8575;192.47;982.565;41.0
264.7825;203.4575;990.45;41.0
271.305;202.8375;989.6375;34.0
275.82;214.7175;984.57;34.0
225.0525;182.65;982.8425;32.0
274.1575;200.7525;981.11;32.0
54.8225;35.915;979.3625;28.0
53.765;28.64;980.1125;28.0
54.71;33.235;980.205;26.0
53.6125;32.2375;979.1925;26.0
54.7575;31.785;979.67;26.0
56.2125;32.1325;980.0425;26.0
58.25;30.655;977.21;27.0
56.35;36.6325;977.4025;27.0
55.96;42.1225;980.41;27.0
54.9175;41.0125;979.9925;27.0
55.2075;35.1175;981.1325;28.0
54.545;32.2325;979.855;28.0
57.4975;38.64;977.8875;29.0
57.5775;31.535;978.1175;29.0
55.1225;31.1075;981.405;30.0
55.1125;36.8875;981.29;30.0
55.2275;39.7375;980.765;30.0
55.14;41.915;981.29;30.0
57.3925;36.1575;981.1225;31.0
55.9875;38.145;981.9725;31.0
57.6225;37.91;981.7725;31.0
57.02;39.745;981.1;31.0
62.475;39.5975;976.8825;30.0
63.41;56.605;977.355;30.0
59.325;40.8275;980.415;30.0
58.0375;41.925;980.74;30.0
61.305;38.5875;978.56;29.0
60.455;42.7675;977.85;29.0
66.1;39.905;981.4575;28.0
59.1875;42.6975;981.865;28.0
171.6775;103.9;978.7825;28.0
166.8925;108.735;979.1775;28.0
181.6675;119.9425;991.7075;30.0
181.8;113.425;985.1925;30.0
198.89;136.8975;978.565;31.0
219.17;144.415;979.635;31.0
201.0425;141.51;984.9325;30.0
187.4575;121.6525;983.0025;30.0
227.4075;146.9725;981.5575;29.0
220.235;144.515;986.8975;29.0
227.46;135.7575;982.7425;27.0
204.4775;153.075;990.87;27.0
219.1825;165.63;985.61;27.0
230.5775;151.2925;989.71;27.0
228.04;165.405;986.5275;27.0
225.115;162.945;985.145;27.0
264.295;176.51;990.8225;27.0
250.1075;196.4075;990.3025;27.0
383.2475;247.7675;986.5225;27.0
377.195;235.755;986.7725;27.0
293.425;203.825;984.4525;27.0
249.98;182.57;979.015;27.0
273.935;233.465;992.1975;28.0
266.71;212.66;982.95;28.0
371.6225;262.735;991.985;28.0
331.2975;229.56;991.495;28.0
574.6175;370.65;1007.75;29.0
600.945;385.69;1017.45;29.0
57.82;43.4925;976.805;24.0
57.9125;38.755;976.8825;24.0
55.895;45.01;979.995;21.0
56.585;49.7275;980.6225;21.0
56.5925;47.7525;980.6075;20.0
56.1975;44.3375;979.3175;20.0
53.795;33.6125;980.8125;20.0
55.3075;37.985;981.405;20.0
57.805;35.8125;977.225;20.0
59.9675;30.9825;977.19;20.0
58.885;32.63;976.42;21.0
59.555;29.255;977.0075;21.0
56.21;27.2725;981.4125;21.0
56.2225;34.945;981.0125;21.0
61.3725;45.1825;976.7075;20.0
60.6675;42.5525;975.9675;20.0
57.01;35.0725;979.19;20.0
54.5175;39.16;981.06;20.0
59.3525;29.9975;977.0425;19.0
59.06;35.125;977.23;19.0
58.43;30.1275;977.715;17.0
61.385;33.8825;976.705;17.0
57.1575;35.945;980.2575;17.0
57.1525;32.85;979.7675;17.0
59.0825;37.1225;976.52;16.0
62.92;38.2025;976.25;16.0
60.655;32.275;975.9375;16.0
62.1875;30.42;975.82;16.0
61.2475;38.28;976.6025;15.0
62.4575;37.2275;977.14;15.0
59.235;34.315;977.0175;15.0
58.6;31.515;977.33;15.0
62.18;30.82;976.67;15.0
58.425;32.55;977.26;15.0
59.1725;36.6;976.5275;15.0
60.235;36.295;976.1675;15.0
60.4725;33.4975;978.0875;16.0
58.7475;36.14;977.3425;16.0
59.3125;34.8725;977.65;16.0
59.0825;34.4125;977.245;16.0
61.525;32.885;977.6225;18.0
59.65;34.67;977.855;18.0
58.2325;32.835;977.275;19.0
62.065;34.415;978.3575;19.0
55.3825;35.3475;980.63;20.0
56.07;36.7475;980.97;20.0
59.59;32.995;980.8125;22.0
58.4075;34.7275;981.1825;22.0
59.69;42.2325;978.695;23.0
60.91;36.3475;978.69;23.0
59.415;34.58;981.885;24.0
58.7575;31.97;981.8025;24.0
60.745;29.7;979.58;25.0
60.375;33.795;979.04;25.0
62.1025;46.075;978.085;23.0
62.02;42.545;978.955;23.0
66.2975;37.1475;977.8325;22.0
62.4875;32.595;978.54;22.0
64.54;37.0625;977.955;21.0
59.1425;36.96;977.7825;21.0
62.3975;42.23;981.7125;21.0
58.5225;34.5;981.3225;21.0
61.0225;48.3475;980.3725;20.0
61.87;49.59;981.175;20.0
60.225;38.5325;980.7775;21.0
60.7025;43.2275;979.6925;21.0
150.4875;92.4175;979.8525;23.0
148.3725;91.25;981.2925;23.0
150.855;99.0175;980.445;26.0
140.465;92.385;974.78;26.0
161.1175;97.7025;979.8175;26.0
156.7375;91.935;979.065;26.0
147.995;94.7675;990.0475;26.0
163.1475;99.01;989.1025;26.0
127.73;89.55;976.8975;26.0
148.49;82.7725;980.41;26.0
127.0725;89.9275;982.33;26.0
146.815;91.4275;980.2875;26.0
132.7;94.4775;982.8825;26.0
151.605;86.7625;983.635;26.0
133.31;94.4775;982.9425;26.0
134.6825;92.2;982.525;26.0
125.625;85.275;974.785;25.0
131.065;87.9575;983.51;25.0
142.5325;94.475;975.11;25.0
154.1625;96.655;977.555;25.0
148.85;85.0025;977.3925;26.0
159.165;92.97;977.08;26.0
144.25;92.475;983.3625;26.0
135.875;90.8375;983.72;26.0
136.08;94.2375;975.65;26.0
149.3325;88.68;976.73;26.0
143.0325;100.13;984.145;27.0
145.2075;93.075;981.645;27.0
149.04;94.9875;991.73;27.0
182.715;105.4075;990.8925;27.0
159.365;100.9375;986.9725;28.0
153.8675;107.77;988.475;28.0
148.0975;95.39;976.0925;29.0
149.6875;96.8725;991.1675;29.0
153.4825;91.3;979.6725;29.0
160.6525;101.0725;978.1575;29.0
160.565;105.375;986.87;31.0
144.745;92.55;985.28;31.0
143.9225;100.8175;981.795;30.0
150.2375;94.67;980.02;30.0
148.72;96.405;987.76;30.0
151.6025;95.4925;989.985;30.0
173.765;106.165;982.855;31.0
172.055;108.3725;990.5875;31.0
158.4;100.6875;991.855;29.0
165.065;94.4725;991.4875;29.0
162.77;108.725;985.895;28.0
168.845;99.14;977.5325;28.0
173.9175;107.7075;977.1025;26.0
171.6225;110.1325;979.6575;26.0
171.305;108.49;972.2875;26.0
166.3625;100.525;974.33;26.0
168.8125;101.105;980.61;26.0
188.375;110.12;976.0825;26.0
173.5475;94.9775;984.6225;25.0
172.4875;105.23;987.73;25.0
144.64;107.44;985.29;24.0
144.4275;101.64;982.1075;24.0
195.1325;117.5825;977.095;23.0
187.6925;109.975;976.5725;23.0
174.3125;115.0;985.555;22.0
171.01;113.46;989.8375;22.0
183.56;123.955;980.04;22.0
191.945;127.5825;974.1375;22.0
189.5525;113.3075;985.46;22.0
196.4775;119.5525;988.105;22.0
222.7525;165.5925;988.9875;23.0
236.4025;179.1125;981.405;23.0
243.9825;195.99;986.155;25.0
234.5025;167.9375;994.015;25.0
236.9625;147.4225;988.1375;28.0
235.6625;183.355;989.6775;28.0
285.2625;189.5025;991.875;28.0
293.48;186.21;989.8975;28.0
268.1325;192.47;988.45;30.0
232.7625;178.015;988.09;30.0
54.84;39.2925;981.39;26.0
55.19;44.325;981.81;26.0
172.4375;117.55;989.165;30.0
188.005;115.3525;987.6625;30.0
159.6625;104.9325;992.0525;31.0
171.335;108.0325;991.645;31.0
158.14;96.7425;983.4775;32.0
148.685;89.2925;980.265;32.0
166.56;101.1225;986.9425;32.0
158.8275;100.805;989.53;32.0
148.9025;91.1825;983.8825;32.0
135.6325;94.68;985.3175;32.0
177.7875;119.1525;981.7025;31.0
165.2925;111.4225;985.795;31.0
127.875;88.1675;986.235;31.0
124.98;93.8025;988.6125;31.0
156.6;106.3575;980.865;30.0
148.59;106.59;983.8925;30.0
141.92;95.3425;988.39;31.0
133.085;100.365;986.9125;31.0
132.2475;90.9375;978.39;31.0
153.1725;101.815;981.885;31.0
140.585;93.505;984.0775;30.0
152.5275;93.595;988.66;30.0
136.985;94.09;982.48;29.0
139.7875;87.31;985.5575;29.0
142.325;100.2575;986.07;29.0
134.85;91.1575;984.575;29.0
144.225;94.5925;983.7225;29.0
139.165;87.7625;986.495;29.0
170.0575;106.2825;989.3875;27.0
164.6575;107.2025;986.1325;27.0
168.8475;109.3975;985.56;26.0
178.2325;113.785;983.02;26.0
235.6275;135.035;987.13;26.0
221.1075;138.6025;980.555;26.0
154.92;92.26;986.7775;27.0
144.22;92.2275;977.8125;27.0
157.8725;94.5075;981.0825;28.0
166.215;101.0775;986.71;28.0
163.3975;115.0425;989.2775;28.0
173.6175;107.605;984.0675;28.0
162.8675;108.8525;974.45;29.0
177.0025;120.775;978.7575;29.0
162.6125;110.5875;982.155;30.0
174.5775;109.2575;986.49;30.0
148.9925;91.91;988.0175;30.0
143.1725;87.535;988.575;30.0
164.5975;99.95;982.875;32.0
170.055;110.19;978.8175;32.0
146.0875;98.815;983.175;31.0
144.96;93.8525;976.0475;31.0
128.3575;83.075;983.625;32.0
141.4075;88.16;984.1225;32.0
137.36;97.41;992.2625;31.0
150.5275;87.1975;989.81;31.0
119.905;89.065;989.16;31.0
131.88;89.505;986.045;31.0
144.54;101.2325;988.66;30.0
148.355;93.28;985.495;30.0
180.3225;108.4375;976.755;29.0
166.14;103.44;979.8175;29.0
193.6125;127.195;981.16;28.0
196.5425;125.13;987.42;28.0
286.0925;165.8725;984.9825;28.0
244.98;167.23;977.1125;28.0
356.61;224.42;986.57;27.0
317.9975;225.23;978.2125;27.0
296.2525;208.805;985.4425;27.0
307.6575;215.645;985.4325;27.0
371.095;258.4725;988.1725;28.0
317.78;206.5925;996.1075;28.0
338.445;236.57;989.09;28.0
318.7075;211.365;997.5725;28.0
337.175;227.245;978.4175;27.0
380.1825;245.9175;982.96;27.0
303.205;195.135;978.4825;27.0
331.04;224.325;981.665;27.0
53.925;35.7075;979.875;23.0
54.45;29.37;980.4275;23.0
204.225;128.3575;990.7825;25.0
226.5675;140.1925;986.9575;25.0
209.8825;152.025;985.01;25.0
216.995;165.0225;986.3825;25.0
292.415;178.715;982.45;26.0
299.9;186.365;976.465;26.0
194.8475;140.4825;986.465;27.0
203.64;148.575;989.67;27.0
244.39;179.32;990.3825;28.0
273.41;170.925;985.7675;28.0
298.945;188.3075;984.96;29.0
277.1525;205.8175;980.6175;29.0
276.6475;205.345;982.215;29.0
295.07;196.9525;986.4525;29.0
199.52;141.675;981.2575;30.0
199.5;144.62;984.2675;30.0
168.685;110.1;986.61;29.0
195.54;126.3225;990.3775;29.0
179.9425;127.2675;982.4375;29.0
182.875;131.395;982.645;29.0
168.55;106.1975;983.6975;29.0
161.16;111.825;981.415;29.0
205.08;137.685;980.2675;29.0
186.635;135.08;981.7075;29.0
195.98;131.23;987.775;30.0
199.215;139.37;988.845;30.0
194.9525;131.0275;995.7825;30.0
210.7175;132.8725;985.425;30.0
203.4925;135.245;984.7075;29.0
211.485;133.2075;977.3675;29.0
227.7075;163.895;984.115;29.0
244.4625;140.3725;984.25;29.0
221.26;154.13;980.575;28.0
213.865;162.0125;983.585;28.0
239.595;155.92;982.85;28.0
258.4875;163.9275;981.105;28.0
208.86;133.04;989.7775;28.0
211.2725;131.145;985.695;28.0
210.3325;140.97;991.16;27.0
212.645;148.66;991.06;27.0
220.7375;167.0175;986.23;27.0
223.585;150.6775;978.085;27.0
223.3025;163.9075;987.56;27.0
265.4925;171.8825;986.03;27.0
235.7975;150.825;983.52;27.0
270.14;170.61;984.315;27.0
238.43;170.275;987.6175;27.0
251.24;155.7275;981.7825;27.0
243.46;184.97;988.8075;27.0
242.665;170.95;984.38;27.0
262.8525;170.63;985.5;27.0
251.7925;188.4725;990.11;27.0
231.035;148.9775;985.045;27.0
214.3175;150.8;985.11;27.0
213.1425;153.715;981.7625;27.0
235.545;144.62;975.52;27.0
259.3275;168.2225;990.445;26.0
260.4975;178.0125;982.3975;26.0
244.3925;185.825;993.33;27.0
252.2325;182.0525;989.9475;27.0
292.1425;204.3975;977.2125;26.0
317.88;190.5525;982.7675;26.0
313.5775;195.0025;992.7375;27.0
297.7325;190.765;996.9;27.0
235.4375;165.3425;989.61;28.0
233.2775;166.875;989.165;28.0
257.7025;182.625;986.5325;29.0
280.46;192.495;978.1375;29.0
260.71;162.9775;985.92;30.0
253.08;187.0125;981.71;30.0
289.045;202.16;987.5525;31.0
315.2025;203.0875;987.995;31.0
325.055;202.785;984.4875;31.0
295.9675;188.8;986.8075;31.0
309.37;213.615;989.9;31.0
339.36;223.9125;986.53;31.0
261.3125;162.7725;990.18;31.0
247.46;180.0025;981.53;31.0
292.5475;215.3675;991.5225;30.0
288.305;230.235;992.66;30.0
326.2775;218.8275;989.5875;29.0
300.8775;181.585;988.4375;29.0
315.205;239.53;986.5325;29.0
331.8325;222.1475;983.895;29.0
399.0525;280.425;992.1325;28.0
400.0025;261.0575;997.0525;28.0
320.75;248.025;989.17;27.0
329.4575;233.56;986.585;27.0
302.4775;205.72;989.06;26.0
333.1575;229.74;994.2125;26.0
332.205;228.5475;992.795;26.0
312.245;211.1275;989.5725;26.0
306.7075;233.7425;984.58;25.0
283.8675;220.655;982.96;25.0
248.59;192.4775;985.6075;24.0
276.7325;216.025;984.1225;24.0
291.22;210.875;987.68;24.0
262.035;200.615;991.6125;24.0
237.025;191.2825;988.49;25.0
270.8825;176.7975;987.6825;25.0
273.005;189.9175;987.9825;26.0
278.125;209.9675;985.0075;26.0
263.295;182.845;985.905;26.0
243.75;213.47;994.0025;26.0
258.91;152.5875;992.4775;28.0
221.45;139.25;987.465;28.0
251.625;188.0225;987.7975;29.0
260.3925;183.9225;985.27;29.0
242.905;176.5625;980.0625;29.0
242.87;180.5675;980.4325;29.0
359.305;252.6375;989.2375;31.0
370.13;246.2825;991.215;31.0
55.6775;35.1075;981.2;31.0
58.2875;40.9;981.195;31.0
55.1975;38.0325;981.1825;26.0
55.3;37.2225;980.835;26.0
56.6775;41.1175;980.07;25.0
56.095;36.9425;980.995;25.0
200.525;147.945;983.5175;28.0
220.94;145.1925;981.155;28.0
159.705;101.385;982.6775;31.0
163.765;108.6825;977.8725;31.0
158.1525;98.965;989.4275;31.0
150.265;95.7225;979.7525;31.0
154.815;96.31;986.4;30.0
166.5;103.4125;990.5;30.0
148.5925;87.3525;982.76;30.0
148.5825;95.7825;989.8275;30.0
170.27;98.7275;980.85;29.0
170.3775;103.6375;981.53;29.0
142.6725;96.5925;990.9225;28.0
140.6375;97.7625;986.9975;28.0
147.345;98.875;979.835;27.0
139.025;97.3875;973.51;27.0
166.65;92.475;978.795;26.0
161.8775;102.7475;975.515;26.0
151.56;97.405;988.0775;26.0
169.33;104.4475;986.5275;26.0
152.0975;105.0225;981.295;26.0
149.5525;99.9125;979.545;26.0
145.0075;95.215;977.8675;26.0
136.67;104.4575;978.375;26.0
156.3075;92.535;983.905;25.0
167.86;102.1425;983.86;25.0
202.2025;134.1875;982.9525;24.0
193.7525;140.375;986.6025;24.0
176.6925;123.225;989.8325;25.0
171.0675;116.0075;984.0075;25.0
214.4975;138.5275;973.33;27.0
198.9325;139.365;985.4575;27.0
225.1225;145.775;989.625;29.0
215.905;149.395;990.47;29.0
270.995;180.3025;981.905;30.0
227.395;184.42;985.0375;30.0
56.3125;31.725;981.525;33.0
54.135;28.82;980.6825;33.0
61.05;54.6875;981.915;28.0
62.8075;54.18;981.3375;28.0
220.2425;152.11;981.375;26.0
219.1975;150.97;983.3075;26.0
151.09;96.815;983.2175;31.0
151.0475;98.6275;984.575;31.0
163.67;110.0575;991.385;32.0
154.3325;100.57;988.55;32.0
161.3275;114.1;982.56;32.0
150.56;100.35;984.745;32.0
192.93;114.505;986.825;33.0
181.535;123.48;988.845;33.0
177.52;123.9825;987.805;32.0
174.135;124.9975;986.1775;32.0
170.715;102.24;982.2775;31.0
161.7675;111.5325;986.1575;31.0
180.4175;122.3975;983.73;31.0
179.0975;113.6925;985.7825;31.0
184.14;111.145;984.285;30.0
166.81;108.65;987.99;30.0
145.0175;98.0975;988.84;29.0
142.2925;99.275;995.3225;29.0
154.6775;101.485;987.5;29.0
160.565;95.5575;984.9125;29.0
150.405;98.2325;985.6125;28.0
156.585;104.76;987.725;28.0
145.5825;94.1525;979.2725;28.0
142.5;91.7675;976.5775;28.0
151.2575;94.2025;985.36;27.0
146.34;99.51;982.555;27.0
147.065;92.965;987.175;27.0
144.3925;92.5925;989.4975;27.0
137.8625;94.5975;986.26;28.0
141.86;98.0875;985.53;28.0
142.78;91.565;991.3425;28.0
146.255;98.525;989.955;28.0
134.27;91.6775;978.065;28.0
144.915;93.22;981.0875;28.0
138.165;93.28;988.295;29.0
144.5725;92.61;990.1825;29.0
179.3725;98.1025;983.3625;29.0
176.6125;105.7075;980.515;29.0
154.695;103.17;985.01;30.0
176.65;102.2;985.4275;30.0
164.77;99.2175;984.7975;29.0
196.275;110.64;975.83;29.0
143.8675;96.75;968.1525;30.0
163.1575;100.2375;981.105;30.0
150.7125;80.365;980.7325;30.0
148.515;90.0125;981.09;30.0
133.11;88.9025;988.895;31.0
142.6475;93.1575;987.3825;31.0
146.6975;95.595;988.295;32.0
150.39;98.2325;991.075;32.0
155.47;86.2225;982.98;33.0
161.3725;82.8675;980.4775;33.0
138.6725;88.315;977.9125;33.0
138.39;78.395;982.795;33.0
142.35;84.885;983.63;33.0
132.92;96.11;980.4675;33.0
146.2575;84.245;981.31;33.0
140.9975;84.465;976.6275;33.0
154.66;86.98;981.245;32.0
147.9325;82.4425;979.3175;32.0
138.315;88.9375;979.1325;31.0
143.375;83.59;978.0175;31.0
133.845;90.735;987.705;31.0
138.9475;88.505;989.11;31.0
158.5;107.2625;983.6475;30.0
155.795;99.205;980.77;30.0
156.745;96.2825;984.3325;30.0
161.235;101.2825;988.3;30.0
169.8375;98.815;988.2925;29.0
160.7275;94.71;991.0625;29.0
145.95;91.805;988.995;29.0
138.99;93.735;985.1725;29.0
157.575;96.595;983.855;29.0
157.5075;94.4025;985.055;29.0
166.695;95.665;978.5;28.0
151.54;99.0125;980.3325;28.0
126.03;87.83;978.9375;28.0
153.7525;92.2225;978.4525;28.0
135.765;91.8725;986.1175;28.0
142.58;101.105;985.86;28.0
132.0075;92.5775;986.6425;27.0
133.025;90.01;987.99;27.0
131.2075;82.52;982.4125;26.0
139.325;89.6025;978.16;26.0
152.9925;90.515;985.8025;26.0
178.14;92.1875;987.4925;26.0
154.525;84.97;979.0875;27.0
148.6975;88.7025;981.815;27.0
145.2775;97.8575;983.7425;27.0
141.52;90.8925;979.0725;27.0
139.18;93.7675;986.0325;28.0
127.8175;82.905;978.9225;28.0
148.6475;94.475;979.605;28.0
148.0475;96.25;976.0025;28.0
144.3375;91.68;983.76;30.0
153.375;104.95;982.1475;30.0
156.74;101.305;980.9075;30.0
134.45;93.415;981.3325;30.0
148.4475;95.1625;985.635;30.0
157.785;104.105;987.3475;30.0
179.1025;108.97;979.2125;31.0
187.425;116.7075;984.065;31.0
201.0825;138.555;978.18;31.0
184.01;125.2125;980.9525;31.0
213.1825;142.095;995.605;31.0
265.715;153.2275;984.435;31.0
233.9775;163.9475;985.3275;31.0
236.115;163.6525;985.845;31.0
198.6225;137.3125;992.49;30.0
213.305;146.4825;993.2925;30.0
181.9175;133.5375;980.8675;30.0
214.5375;134.44;981.2675;30.0
201.2525;135.775;978.3725;29.0
191.5675;113.0425;978.0425;29.0
197.8825;131.57;978.67;28.0
191.84;132.79;982.4975;28.0
181.4325;132.6575;988.8575;27.0
171.09;124.605;987.3525;27.0
198.6325;135.225;990.055;27.0
200.95;138.46;988.0625;27.0
217.7825;143.25;988.6875;26.0
199.7325;141.5675;989.71;26.0
183.425;124.7175;980.995;26.0
163.755;132.1025;984.89;26.0
199.32;145.81;982.1775;25.0
192.755;136.1625;979.1125;25.0
202.23;134.435;991.625;25.0
208.9475;143.5775;991.545;25.0
216.3925;137.21;978.665;25.0
217.5925;168.6875;980.6125;25.0
190.1625;132.355;986.175;26.0
194.025;145.885;983.06;26.0
212.51;143.425;981.75;29.0
220.03;142.045;982.51;29.0
203.005;139.12;990.035;31.0
199.6475;128.985;988.1175;31.0
228.2375;162.2025;985.15;32.0
210.9925;176.405;986.1375;32.0
223.635;150.11;985.97;33.0
210.04;156.6275;985.35;33.0
239.09;171.8025;986.6825;33.0
217.045;157.775;986.6875;33.0
246.1875;181.8775;991.285;34.0
262.515;175.1225;981.3575;34.0
252.53;183.9775;982.22;35.0
264.9025;226.4075;989.4675;35.0
294.2325;221.6125;991.9675;36.0
254.08;202.6425;988.1225;36.0
266.89;193.89;983.0925;36.0
267.175;194.265;988.0475;36.0
289.17;204.3125;984.9375;36.0
267.63;217.2225;994.5;36.0
284.925;204.42;993.73;36.0
279.3925;190.55;988.8825;36.0
270.0725;223.92;985.74;35.0
295.3775;179.8325;985.6225;35.0
294.3475;200.49;980.8725;34.0
283.905;208.5375;981.2425;34.0
302.3225;196.3675;986.905;32.0
269.94;186.46;987.21;32.0
300.76;216.495;979.98;31.0
292.725;188.4225;984.21;31.0
262.3875;162.4475;987.67;30.0
241.955;185.2225;982.06;30.0
268.77;168.74;979.6925;30.0
257.4875;156.415;987.5375;30.0
296.8175;190.1625;986.635;29.0
260.285;210.6225;983.28;29.0
259.74;186.46;985.135;28.0
271.79;212.685;982.54;28.0
392.5325;254.5925;989.4625;28.0
409.945;279.98;999.055;28.0
56.525;44.0725;979.525;24.0
54.4275;41.125;979.65;24.0
58.2725;40.4075;979.805;21.0
58.9775;45.255;979.9475;21.0
56.585;41.2575;980.1175;20.0
57.295;44.27;980.255;20.0
57.2925;35.29;979.715;21.0
56.52;32.93;980.8125;21.0
60.4775;35.6275;977.3725;22.0
61.28;36.165;978.295;22.0
59.705;35.09;977.5;23.0
58.635;29.2175;977.6475;23.0
57.18;32.555;977.72;25.0
59.37;32.5025;978.5125;25.0
148.54;89.2325;983.885;26.0
147.8675;99.1425;978.4475;26.0
154.1975;105.485;987.645;31.0
146.455;110.0825;990.0525;31.0
143.1625;103.535;986.245;34.0
146.3125;105.26;985.2775;34.0
157.4;99.8625;984.645;35.0
158.73;95.2225;982.7675;35.0
165.3625;104.435;983.5;35.0
141.83;111.0175;986.15;35.0
162.1775;92.0575;990.2325;37.0
136.8;97.92;990.8425;37.0
152.3525;110.285;987.26;36.0
162.55;107.4325;984.24;36.0
155.1325;101.2775;992.2;36.0
177.0525;107.1925;994.11;36.0
181.1875;134.075;988.705;35.0
190.565;118.775;982.5625;35.0
182.065;123.0925;988.8125;34.0
184.68;117.18;993.7825;34.0
212.1875;141.385;984.6525;33.0
241.8275;137.285;987.505;33.0
239.2625;164.66;990.55;32.0
235.695;165.69;983.41;32.0
243.165;161.3875;983.835;31.0
245.8275;158.355;987.3075;31.0
281.2975;177.3475;987.7175;31.0
257.4875;184.765;988.65;31.0
276.005;175.9475;983.3125;31.0
282.4925;174.375;985.73;31.0
168.705;121.6525;984.24;29.0
181.6125;117.78;983.845;29.0
214.405;145.6875;992.1425;29.0
217.53;139.9025;985.355;29.0
208.345;147.43;975.44;28.0
204.18;138.645;980.82;28.0
277.4725;187.8725;991.6775;28.0
255.4075;178.345;986.265;28.0
265.665;166.6075;975.125;28.0
289.8925;173.8075;985.47;28.0
285.5425;198.9775;980.47;30.0
299.14;224.6825;981.8375;30.0
248.76;163.215;983.63;31.0
235.565;177.2;991.635;31.0
722.42;427.5325;994.2025;32.0
703.595;419.6875;1001.485;32.0
381.235;224.135;982.735;34.0
341.315;230.45;994.5725;34.0
532.21;352.055;995.15;35.0
554.9525;366.125;974.695;35.0
986.535;653.525;1006.095;37.0
846.6325;522.7425;1016.2375;37.0
832.4075;525.555;1060.1425;38.0
834.33;552.3525;1039.495;38.0
761.97;502.5475;1015.13;39.0
701.405;409.5325;1016.985;39.0
1018.8525;700.665;1089.865;39.0
1006.555;644.1475;1079.43;39.0
1190.4125;823.06;1166.5625;37.0
1243.2175;864.345;1198.395;37.0
250.1675;177.6125;984.53;37.0
272.72;174.31;985.8775;37.0
271.8525;180.64;988.8425;37.0
273.5975;203.055;992.72;37.0
334.725;225.3425;992.965;35.0
351.49;219.5575;986.59;35.0
369.095;231.7075;987.3325;34.0
328.39;214.785;980.6575;34.0
340.6375;250.0825;988.515;34.0
398.7375;261.3575;990.9475;34.0
350.495;239.0;987.2825;33.0
387.8525;230.2675;993.0675;33.0
312.97;195.935;980.0375;33.0
309.58;195.3075;975.515;33.0
426.72;280.205;988.3075;33.0
404.075;250.5875;986.495;33.0
560.13;348.0875;985.085;33.0
561.45;355.14;996.14;33.0
390.7125;238.4225;983.4;32.0
366.2975;260.9075;985.0125;32.0
57.0025;31.94;978.475;30.0
57.18;30.02;978.0975;30.0
55.23;36.27;978.9575;25.0
57.89;37.445;979.4325;25.0
215.785;150.37;982.3975;28.0
221.8625;142.775;988.6075;28.0
56.4325;41.2475;980.6325;28.0
55.59;37.5775;981.175;28.0
56.135;38.19;980.6075;24.0
57.4475;36.4425;979.8;24.0
55.255;40.2375;980.7975;24.0
54.2075;39.055;981.475;24.0
57.565;44.9775;980.975;24.0
59.49;39.125;980.13;24.0
59.27;43.4725;981.22;24.0
60.78;47.425;980.52;24.0
64.39;42.59;977.775;25.0
58.565;43.7475;977.605;25.0
57.7325;43.04;980.875;25.0
61.74;43.7625;980.4775;25.0
354.735;225.625;992.54;30.0
383.65;221.31;986.4625;30.0
335.67;207.6175;986.64;32.0
388.6075;244.265;971.935;32.0
274.8575;173.195;980.6;33.0
274.2775;180.0325;983.07;33.0
377.4125;229.305;992.475;33.0
347.94;240.8325;981.675;33.0
823.0375;482.175;1025.22;35.0
736.5175;463.725;1001.1775;35.0
725.205;507.935;985.2625;38.0
809.175;422.5575;1006.1325;38.0
292.805;183.875;987.6825;38.0
286.3825;204.8575;998.4925;38.0
349.8575;197.8425;984.5575;32.0
314.3275;216.4475;986.6675;32.0
360.88;228.7875;986.315;31.0
333.88;231.3275;982.48;31.0
316.82;217.0475;989.495;31.0
357.765;233.09;990.0525;31.0
300.2625;213.835;983.1475;30.0
317.245;233.845;986.9125;30.0
594.2175;361.075;1006.9475;31.0
594.0825;401.4;987.82;31.0
894.735;532.5425;1034.73;32.0
787.0325;531.4025;1012.195;32.0
478.015;275.675;989.71;30.0
493.125;311.0475;991.84;30.0
53.05;35.97;979.925;30.0
55.4875;29.24;979.9575;30.0
58.2775;40.37;977.185;24.0
58.23;43.8575;977.0325;24.0
56.525;33.88;979.145;22.0
57.0625;38.1525;979.2225;22.0
59.765;42.695;976.5975;21.0
59.625;38.2975;977.2475;21.0
56.535;36.345;980.415;21.0
58.73;31.1725;980.0675;21.0
61.2775;41.4075;979.465;22.0
58.8125;41.1825;979.6875;22.0
59.7525;35.9825;979.5025;22.0
61.095;39.3625;981.315;22.0
62.9525;44.6025;977.615;23.0
65.5125;46.86;978.385;23.0
215.5025;140.1675;990.335;25.0
201.8825;141.4725;994.115;25.0
210.8225;122.7825;987.76;30.0
212.72;120.215;989.6625;30.0
203.505;135.1925;978.7475;31.0
204.9075;150.6225;988.8125;31.0
203.095;135.845;980.4725;33.0
219.775;123.2925;972.75;33.0
279.6575;189.21;985.925;34.0
306.45;197.435;993.8175;34.0
303.9775;188.6575;993.4925;34.0
301.3325;189.7075;990.135;34.0
319.27;224.44;989.1575;35.0
313.43;215.0525;989.005;35.0
326.3675;220.1625;988.5625;33.0
353.81;201.985;990.455;33.0
166.8125;101.13;987.3;33.0
181.7575;112.4625;984.995;33.0
157.595;116.14;989.145;30.0
179.3175;118.325;989.5425;30.0
195.6825;120.1175;978.225;29.0
183.545;120.57;976.795;29.0
187.13;122.2225;982.7975;28.0
192.9825;121.2675;982.4375;28.0
190.7275;117.745;981.58;27.0
197.065;119.41;977.4;27.0
200.2175;128.29;989.1125;27.0
205.915;143.4375;986.9525;27.0
201.01;132.475;974.8575;27.0
217.5025;126.305;971.78;27.0
186.15;120.9925;984.38;26.0
195.9525;114.7225;986.87;26.0
195.515;121.9225;986.36;25.0
192.9775;124.375;981.4425;25.0
218.8225;137.35;987.6175;26.0
211.0575;147.805;984.5075;26.0
223.6825;162.3575;983.145;27.0
247.3475;162.6925;981.6425;27.0
256.2975;183.3575;984.8825;28.0
237.4475;184.5675;989.7325;28.0
219.8925;137.6175;997.9825;29.0
226.1225;143.5175;987.065;29.0
231.8725;158.9575;973.8275;29.0
235.085;152.89;978.5975;29.0
193.65;125.6775;982.9725;30.0
182.7025;121.8275;976.6975;30.0
210.945;138.3975;986.77;31.0
195.8875;147.235;985.94;31.0
195.5575;138.7;988.87;32.0
196.1425;136.09;986.755;32.0
192.4125;131.49;987.0425;32.0
205.0625;132.92;990.7775;32.0
212.14;142.8025;989.1025;32.0
214.7775;135.485;985.23;32.0
229.625;174.005;992.515;32.0
222.555;168.045;986.895;32.0
205.85;146.1575;989.6975;33.0
244.6575;152.6375;978.6625;33.0
197.775;140.7025;984.61;32.0
193.84;121.4575;987.075;32.0
291.715;182.4025;986.29;32.0
295.08;207.99;982.865;32.0
240.58;155.675;983.955;32.0
246.4375;177.625;988.0125;32.0
278.8175;160.1675;985.8025;31.0
265.005;173.04;990.85;31.0
280.3375;209.01;989.185;32.0
292.635;197.3275;987.6175;32.0
342.6575;228.4875;989.665;30.0
328.69;213.6375;989.705;30.0
314.4875;214.1175;987.6175;30.0
325.3675;215.635;983.235;30.0
328.1925;218.2375;975.8575;29.0
324.975;192.4175;980.7025;29.0
281.7625;176.5975;976.81;28.0
291.93;185.355;979.435;28.0
198.3675;142.345;990.7025;29.0
216.425;140.6925;990.8475;29.0
419.4575;283.2475;991.935;28.0
374.48;246.355;992.5875;28.0
57.46;35.04;977.9075;26.0
56.98;31.4575;978.28;26.0
65.4625;45.81;979.92;22.0
67.37;44.9825;980.815;22.0
198.62;131.665;986.335;25.0
220.0075;151.7975;982.86;25.0
364.3025;245.5325;1001.65;28.0
362.195;237.5125;994.3625;28.0
419.15;279.1975;976.605;30.0
384.8575;242.88;987.3875;30.0
278.26;217.3425;983.8225;31.0
318.305;205.96;986.725;31.0
838.7775;477.495;1054.43;34.0
892.75;465.29;1075.46;34.0
58.2525;51.4175;980.6725;31.0
61.05;47.085;982.0675;31.0
57.9075;48.1525;981.3225;28.0
59.8125;53.69;982.4075;28.0
61.2325;59.1;981.785;28.0
60.26;59.0625;982.5;28.0
67.12;83.8025;980.8675;28.0
69.51;81.2275;978.8225;28.0
71.2425;77.5875;977.7575;28.0
64.065;85.4325;981.5;28.0
73.315;109.5625;983.355;28.0
74.2225;94.655;985.4225;28.0
63.1675;35.77;978.9575;28.0
62.43;38.935;978.0825;28.0
65.365;40.76;981.4175;28.0
68.11;34.875;980.25;28.0
166.645;101.79;989.48;29.0
180.6575;106.155;988.3325;29.0
170.985;107.215;988.2175;32.0
178.055;89.9325;990.25;32.0
207.25;120.2775;984.0725;32.0
201.34;106.955;984.46;32.0
229.22;129.285;986.37;32.0
202.7725;133.1925;987.0025;32.0
270.08;155.5775;986.11;31.0
244.0;162.585;993.67;31.0
243.755;139.43;982.815;31.0
243.88;155.9225;983.875;31.0
274.4125;218.0025;989.11;31.0
305.1125;222.6775;988.605;31.0
309.1;154.915;984.705;31.0
276.44;177.07;985.855;31.0
248.93;163.855;989.335;31.0
274.8075;152.4275;987.9025;31.0
282.2675;149.8425;983.2575;31.0
269.43;151.315;981.9625;31.0
496.14;328.425;1000.47;31.0
452.0725;320.31;995.8325;31.0
474.765;306.105;993.0;33.0
479.415;323.1575;983.34;33.0
55.6175;41.285;980.3475;32.0
55.0825;38.8225;981.35;32.0
59.345;51.5475;980.62;28.0
58.54;45.2375;981.6125;28.0
59.55;53.2875;980.8525;28.0
57.76;45.1;981.765;28.0
60.2175;44.09;981.8225;28.0
58.585;54.67;981.3375;28.0
56.7225;41.1525;981.585;28.0
57.805;50.57;981.585;28.0
62.6625;47.6125;981.2625;29.0
63.8375;56.9625;980.9675;29.0
72.745;52.5025;981.9625;30.0
57.21;50.4725;982.3925;30.0
64.1425;58.6075;976.91;31.0
66.5475;57.44;979.715;31.0
62.575;50.105;981.795;33.0
60.5325;50.2975;981.45;33.0
61.9475;43.735;981.705;32.0
61.9375;56.9175;982.3125;32.0
65.52;56.5;982.735;32.0
63.655;63.1075;982.0025;32.0
63.51;55.7975;982.4025;32.0
64.21;54.59;982.345;32.0
68.855;65.42;979.45;32.0
63.085;62.165;978.745;32.0
70.6475;59.285;979.17;31.0
68.365;66.3875;977.295;31.0
